{
  "version": 1,
  "author": "4A_GUDANG GUNAWAN",
  "editor": "wokwi",
  "parts": [
    { "type": "wokwi-breadboard-half", "id": "bb1", "top": 246.6, "left": 12.4, "attrs": {} },
    { "type": "wokwi-arduino-uno", "id": "uno", "top": 0.6, "left": -0.6, "attrs": {} },
    {
      "type": "board-ssd1306",
      "id": "oled1",
      "top": 12.74,
      "left": 441.83,
      "attrs": { "i2cAddress": "0x3c" }
    },
    {
      "type": "wokwi-hc-sr04",
      "id": "ultrasonic1",
      "top": -190.5,
      "left": 303.1,
      "attrs": { "distance": "23" }
    },
    { "type": "wokwi-pir-motion-sensor", "id": "pir1", "top": -188, "left": 203.82, "attrs": {} },
    { "type": "wokwi-led", "id": "led1", "top": -157.2, "left": 3.8, "attrs": { "color": "red" } },
    {
      "type": "wokwi-resistor",
      "id": "r1",
      "top": -72,
      "left": 9.05,
      "rotate": 90,
      "attrs": { "value": "1000" }
    },
    {
      "type": "wokwi-led",
      "id": "led2",
      "top": -147.6,
      "left": 51.8,
      "attrs": { "color": "yellow" }
    },
    {
      "type": "wokwi-resistor",
      "id": "r2",
      "top": -81.6,
      "left": 57.05,
      "rotate": 90,
      "attrs": { "value": "1000" }
    },
    {
      "type": "wokwi-led",
      "id": "led3",
      "top": -157.2,
      "left": 109.4,
      "attrs": { "color": "limegreen" }
    },
    {
      "type": "wokwi-resistor",
      "id": "r3",
      "top": -72,
      "left": 114.65,
      "rotate": 90,
      "attrs": { "value": "1000" }
    }
  ],
  "connections": [
    [ "led1:A", "r1:1", "red", [ "v0" ] ],
    [ "r1:2", "uno:13", "red", [ "h0" ] ],
    [ "led1:C", "uno:GND.1", "black", [ "v96", "h96.7" ] ],
    [ "led2:C", "uno:GND.1", "black", [ "h0.4", "v76.8", "h48.3" ] ],
    [ "led2:A", "r2:1", "gold", [ "v0" ] ],
    [ "r2:2", "uno:12", "gold", [ "h0" ] ],
    [ "led3:C", "uno:GND.1", "black", [ "v9.6", "h-28.1" ] ],
    [ "led3:A", "r3:1", "limegreen", [ "v0" ] ],
    [ "r3:2", "uno:11", "limegreen", [ "h0" ] ],
    [ "uno:5V", "bb1:tp.1", "red", [ "v28.7", "h-113" ] ],
    [ "uno:GND.2", "bb1:tn.1", "black", [ "v38.3", "h-188.1", "v38.5" ] ],
    [ "oled1:VCC", "bb1:tp.2", "red", [ "h86.55", "v105.6", "h-88" ] ],
    [ "oled1:GND", "bb1:tn.2", "black", [ "h-105.6", "v268.8", "h-318.4" ] ],
    [ "ultrasonic1:VCC", "bb1:tp.3", "red", [ "v57.6", "h-107.2" ] ],
    [ "ultrasonic1:GND", "bb1:tn.3", "black", [ "v211.2", "h-116.4", "v134.4", "h-222.4" ] ],
    [ "pir1:VCC", "bb1:tp.4", "red", [ "v326.4", "h-144", "v28.5" ] ],
    [ "pir1:GND", "bb1:tn.4", "black", [ "v307.2", "h-297.86", "v96", "h113.6" ] ],
    [ "pir1:OUT", "uno:A0", "yellow", [ "v153.6", "h-42.34" ] ],
    [ "ultrasonic1:TRIG", "uno:A1", "blue", [ "v153.6", "h-177.1" ] ],
    [ "ultrasonic1:ECHO", "uno:A2", "green", [ "v0" ] ],
    [ "oled1:SDA", "uno:A4", "violet", [ "v-28.8", "h105.67", "v240", "h-369" ] ],
    [ "oled1:SCL", "uno:A5", "white", [ "v-57.6", "h96.3", "v259.2", "h-345.6", "v-28.7" ] ]
  ],
  "dependencies": {}
}